,year,冬季平均LST_ベトナム北部
0,2020,20.16704996484731
1,2021,19.427199132402137
2,2022,19.40770190439707
3,2023,19.1183381173948
4,2024,19.800250416522346
